;Test;Test;Test;Test;Test;Test;Test;Test;Test;Test;Test;Test;Test;Test;Test;Test;Test;Test;Test;Test;Test;Test;Test;Test;Test;Test;Test;Test;Test;Test;Test;Test;Test;Test;Test;Test;Test;Test;Test;Test;Test;Test
Test;0;0;0;0;0;0;0;0;0;0;0;0;0;0;0;0;0;0;0;0;0;0;0;0;0;0;0;0;0;0;1.0;0;0;0;1.0;1.0;0;0;0;0;0;0
Test;0;0;0;0;0;0;0;0;0;0;0;0;0;0;0;0;0;0;0;0;0;0;0;0;0;0;0;0;0;0;1.0;0;0;0;1.0;1.0;0;0;0;0;0;0
Test;0;0;0;0;0;0;0;0;0;0;0;0;0;0;0;0;0;0;0;0;0;0;0;0;0;0;0;0;0;0;1.0;0;0;0;1.0;1.0;0;0;0;0;0;0
Test;0;0;0;0;0;0;0;0;0;0;0;0;0;0;0;0;0;0;0;0;0;0;0;0;0;0;0;0;0;0;1.0;0;0;0;1.0;1.0;0;0;0;0;0;0
Test;0;0;0;0;0;0;0;0;0;0;0;0;0;0;0;0;0;0;0;0;0;0;0;0;0;0;0;0;0;0;0;0;0;0;0;0;0;1.0;0;0;0;0
Test;0;0;0;0;0;0;0;0;0;0;0;0;0;0;0;0;0;0;0;0;0;0;0;0;0;0;0;0;0;0;0;0;0;0;0;0;0;0;1.0;0;0;0
Test;0;0;0;0;0;0;0;0;0;0;0;0;0;0;0;0;0;0;0;0;0;0;0;0;0;0;0;0;0;0;1.0;0;0;0;1.0;1.0;1.0;1.0;0;0;0;0
Test;0;0;0;0;0;0;0;0;0;0;0;0;0;0;0;0;0;0;0;0;0;0;0;0;0;0;0;0;0;0;0;0;0;0;0;0;0;1.0;0;0;0;0
Test;0;0;0;0;0;0;0;0;0;0;0;0;0;0;0;0;0;0;0;0;0;0;0;0;0;0;0;0;0;0;0;0;0;0;0;0;1.0;0;0;0;0;0
Test;0;0;0;0;0;0;0;0;0;0;0;0;0;0;0;0;0;0;0;0;0;0;0;0;0;0;0;0;0;0;0;0;0;0;0;0;1.0;0;0;0;0;0
Test;0;0;0;0;0;0;0;0;0;0;0;0;0;0;0;0;0;0;0;0;0;0;0;0;0;0;0;0;0;0;0;0;0;0;0;0;1.0;0;0;0;0;0
Test;0;0;0;0;0;0;0;0;0;0;0;0;0;0;0;0;0;0;0;0;0;0;0;0;0;0;0;0;0;0;0;0;0;0;0;0;0;0;0;1.0;0;0
Test;0;0;0;0;0;0;0;0;0;0;0;0;0;0;0;0;0;0;0;0;0;0;0;0;0;0;0;0;0;0;1.0;0;0;0;1.0;1.0;0;0;0;0;0;0
Test;0;0;0;0;0;0;0;0;0;0;0;0;0;0;0;0;0;0;0;0;0;0;0;0;0;0;0;0;0;0;0;0;0;0;1.0;0;0;0;0;0;0;0
Test;0;0;0;0;0;0;0;0;0;0;0;0;0;0;0;1.0;0;0;0;0;0;0;0;0;0;0;0;0;0;0;1.0;0;0;0;1.0;1.0;1.0;0;0;0;0;0
Test;0;0;0;0;0;0;0;0;0;0;0;0;0;0;1.0;0;0;0;0;0;0;0;0;0;0;0;0;0;0;0;1.0;0;0;0;1.0;1.0;0;0;0;0;0;0
Test;0;0;0;0;0;0;0;0;0;0;0;0;0;0;0;0;0;1.0;0;0;0;0;0;0;0;0;0;0;0;0;0;0;0;0;0;0;0;0;0;0;1.0;0
Test;0;0;0;0;0;0;0;0;0;0;0;0;0;0;0;0;1.0;0;0;0;0;0;0;0;0;0;0;0;0;0;0;0;0;0;0;0;0;0;0;0;1.0;0
Test;0;0;0;0;0;0;0;0;0;0;0;0;0;0;0;0;0;0;0;1.0;0;0;0;0;0;0;0;0;0;0;0;0;0;0;1.0;0;1.0;1.0;0;0;0;0
Test;0;0;0;0;0;0;0;0;0;0;0;0;0;0;0;0;0;0;1.0;0;0;0;0;0;0;0;0;0;0;0;0;0;0;0;0;0;0;0;0;0;0;0
Test;0;0;0;0;0;0;0;0;0;0;0;0;0;0;0;0;0;0;0;0;0;1.0;0;0;0;0;0;0;0;0;1.0;0;0;0;0;0;0;0;0;0;0;0
Test;0;0;0;0;0;0;0;0;0;0;0;0;0;0;0;0;0;0;0;0;1.0;0;0;0;0;0;0;0;0;0;1.0;0;0;0;0;0;0;0;0;0;0;0
Test;0;0;0;0;0;0;0;0;0;0;0;0;0;0;0;0;0;0;0;0;0;0;0;1.0;0;0;0;0;0;0;1.0;0;0;0;0;0;0;0;0;0;0;0
Test;0;0;0;0;0;0;0;0;0;0;0;0;0;0;0;0;0;0;0;0;0;0;1.0;0;0;0;0;0;0;0;0;0;0;0;0;0;0;0;0;1.0;0;0
Test;0;0;0;0;0;0;0;0;0;0;0;0;0;0;0;0;0;0;0;0;0;0;0;0;0;0;0;0;0;0;1.0;0;0;0;1.0;1.0;0;0;0;0;0;0
Test;0;0;0;0;0;0;0;0;0;0;0;0;0;0;0;0;0;0;0;0;0;0;0;0;0;0;0;0;0;0;0;0;0;1.0;0;0;0;1.0;0;0;0;0
Test;0;0;0;0;0;0;0;0;0;0;0;0;0;0;0;0;0;0;0;0;0;0;0;0;0;0;0;0;0;0;1.0;0;0;0;1.0;1.0;0;0;0;0;1.0;1.0
Test;0;0;0;0;0;0;0;0;0;0;0;0;0;0;0;0;0;0;0;0;0;0;0;0;0;0;0;0;0;0;1.0;0;0;0;0;0;1.0;0;0;0;0;0
Test;0;0;0;0;0;0;0;0;0;0;0;0;0;0;0;0;0;0;0;0;0;0;0;0;0;0;0;0;0;0;0;0;0;0;0;0;0;0;1.0;0;0;0
Test;0;0;0;0;0;0;0;0;0;0;0;0;0;0;0;0;0;0;0;0;0;0;0;0;0;0;0;0;0;0;1.0;0;0;0;1.0;1.0;0;0;0;0;1.0;0
Test;1.0;1.0;1.0;1.0;0;0;1.0;0;0;0;0;0;1.0;0;1.0;1.0;0;0;0;0;1.0;1.0;1.0;0;1.0;0;1.0;1.0;0;1.0;0;1.0;0;1.0;1.0;1.0;1.0;1.0;1.0;1.0;1.0;1.0
Test;0;0;0;0;0;0;0;0;0;0;0;0;0;0;0;0;0;0;0;0;0;0;0;0;0;0;0;0;0;0;1.0;0;0;0;1.0;1.0;0;0;0;0;0;0
Test;0;0;0;0;0;0;0;0;0;0;0;0;0;0;0;0;0;0;0;0;0;0;0;0;0;0;0;0;0;0;0;0;0;1.0;0;0;0;1.0;0;0;0;0
Test;0;0;0;0;0;0;0;0;0;0;0;0;0;0;0;0;0;0;0;0;0;0;0;0;0;1.0;0;0;0;0;1.0;0;1.0;0;1.0;1.0;1.0;1.0;0;0;0;0
Test;1.0;1.0;1.0;1.0;0;0;1.0;0;0;0;0;0;1.0;1.0;1.0;1.0;0;0;1.0;0;0;0;0;0;1.0;0;1.0;0;0;1.0;1.0;1.0;0;1.0;0;1.0;1.0;1.0;1.0;1.0;1.0;1.0
Test;1.0;1.0;1.0;1.0;0;0;1.0;0;0;0;0;0;1.0;0;1.0;1.0;0;0;0;0;0;0;0;0;1.0;0;1.0;0;0;1.0;1.0;1.0;0;1.0;1.0;0;1.0;1.0;1.0;1.0;1.0;1.0
Test;0;0;0;0;0;0;1.0;0;1.0;1.0;1.0;0;0;0;1.0;0;0;0;1.0;0;0;0;0;0;0;0;0;1.0;0;0;1.0;0;0;1.0;1.0;1.0;0;1.0;1.0;0;0;0
Test;0;0;0;0;1.0;0;1.0;1.0;0;0;0;0;0;0;0;0;0;0;1.0;0;0;0;0;0;0;1.0;0;0;0;0;1.0;0;1.0;1.0;1.0;1.0;1.0;0;1.0;0;0;0
Test;0;0;0;0;0;1.0;0;0;0;0;0;0;0;0;0;0;0;0;0;0;0;0;0;0;0;0;0;0;1.0;0;1.0;0;0;0;1.0;1.0;1.0;1.0;0;1.0;0;0
Test;0;0;0;0;0;0;0;0;0;0;0;1.0;0;0;0;0;0;0;0;0;0;0;0;1.0;0;0;0;0;0;0;1.0;0;0;0;1.0;1.0;0;0;1.0;0;0;1.0
Test;0;0;0;0;0;0;0;0;0;0;0;0;0;0;0;0;1.0;1.0;0;0;0;0;0;0;0;0;1.0;0;0;1.0;1.0;0;0;0;1.0;1.0;0;0;0;0;0;1.0
Test;0;0;0;0;0;0;0;0;0;0;0;0;0;0;0;0;0;0;0;0;0;0;0;0;0;0;1.0;0;0;0;1.0;0;0;0;1.0;1.0;0;0;0;1.0;1.0;0
